{"options": {"universe_size": [100, 100], "neighborhood_size": [3, 3], "thresholds": [-0.1, 0.1, -0.1, 0.1], "alive_t": 0.99, "dead_t": 0.0, "steps": 100}, "scores": [12.283088353024006, 11.46454575033394, 11.324180546618742, 11.34263029867841, 11.224001674198105, 11.18982455888002, 11.067434360756522, 11.025831668332025, 10.94909715572921, 10.93590168226759, 10.951284714966972, 10.929998062609029, 10.843135911111348, 10.827342704234116, 10.812177305514451, 10.790348496751912, 10.79116288855502, 10.740624044489412, 10.658211482751796, 10.643856189774727, 10.617467465294197, 10.5980525001616, 10.553629293916366, 10.483815777264256, 10.488844346457334, 10.4189067312579, 10.397674632948268, 10.393390457443987, 10.375039431346924, 10.433585441150493, 10.382624026574916, 10.391243589427445, 10.353146825498081, 10.316281531746222, 10.286557761607959, 10.16741814583174, 10.181152256865566, 10.177419537989238, 10.200898605038443, 10.205793249397157, 10.161131882984307, 10.116343961237467, 10.075479149488018, 10.118941072723509, 10.066089190457774, 10.051208940914766, 10.008428622070582, 9.997179480937621, 10.005624549193877, 10.002815015607053, 10.043027283594546, 9.977279923499916, 9.954196310386877, 9.905387005018133, 9.917372079476841, 9.868822554775, 9.888743248898258, 9.853309555403676, 9.887220615468385, 9.820178962415188, 9.847057346091336, 9.76487159073609, 9.794415866350107, 9.743151394112502, 9.77313920671969, 9.738092259620492, 9.78953364497036, 9.823367240046236, 9.854868383260238, 9.884170519108437, 9.932214751968385, 9.945443836377914, 9.927777962082343, 9.927777962082342, 9.930737337562887, 9.834471049984224, 9.868822554775, 9.829722735086058, 9.896332403909941, 9.871905237659186, 9.915879378835774, 9.93663793900257, 9.949826710759114, 9.960001932068083, 9.938109326219239, 9.97154355395077, 9.994353436858859, 9.95274124718649, 9.92481250360578, 9.938109326219239, 9.958552715431013, 10.049848549450564, 10.004220466318197, 9.997179480937621, 10.027905996569885, 10.012624538865062, 10.019590728357882, 9.982993574694309, 9.990103963857502, 9.912889336229961], "stats": {"score_max": 12.283088353024006, "score_min": 9.738092259620492, "score_delta": -2.3701990167940448, "score_avg": 10.24352196849269, "steps_actual": 100}}